{"cameraMode":{"drawMode":0,"name":"Shaded","section":"Shading Mode"},"sceneLighting":false,"audioPlay":false,"sceneViewState":{"m_AlwaysRefresh":false,"showFog":true,"showSkybox":false,"showFlares":true,"showImageEffects":true,"showParticleSystems":true,"showVisualEffectGraphs":true,"m_FxEnabled":true},"in2DMode":false,"pivot":{"x":-2.799999952316284,"y":1.4900000095367432,"z":-3.200000047683716},"rotation":{"x":0.10956469923257828,"y":0.020867668092250825,"z":-0.0023006764240562917,"w":0.9937571883201599},"size":0.8039246797561646,"orthographic":false}